rewardGroupModes,meanOwnScores,meanMinimums,meanMaximums,meanAverages,meanSums
LOD_0_0,36.42755102040816,26.017551020408163,47.451632653061225,36.42755102040816,145.71020408163264
LOD_0_1,44.74979591836735,20.135102040816328,52.09061224489796,36.52448979591837,146.09795918367348
LOD_1_0,36.43729591836735,25.833673469387755,47.57020408163265,36.43729591836735,145.7491836734694
LOD_1_1,47.02857142857143,11.645714285714286,56.774897959183676,33.92602040816327,135.70408163265307
LOD_2_0,91.99877551020408,2.7089795918367345,91.99877551020408,30.836530612244896,123.34612244897959
LOD_2_1,67.56755102040816,1.5624489795918368,75.5930612244898,31.018520408163266,124.07408163265306
LOD_3_0,30.776326530612245,30.776326530612245,42.39734693877551,36.43117346938776,145.72469387755103
LOD_3_1,34.10081632653061,23.005102040816325,44.54061224489796,33.04336734693877,132.1734693877551
